{
  "project_info": {
    "project_number": "578714678053",
    "project_id": "projectv1-f319e",
    "storage_bucket": "projectv1-f319e.appspot.com"
  },
  "client": [
    {
      "client_info": {
        "mobilesdk_app_id": "1:578714678053:android:5f36cc933a01d2eb88e0cc",
        "android_client_info": {
          "package_name": "com.example.projectv1"
        }
      },
      "oauth_client": [],
      "api_key": [
        {
          "current_key": "AIzaSyCFGpnX_0HB2WCicz3E4DUeI0v95fqxD_8"
        }
      ],
      "services": {
        "appinvite_service": {
          "other_platform_oauth_client": []
        }
      }
    }
  ],
  "configuration_version": "1"
}